"","mRNAselected_values","ENSG"
"MMRF_2723","21.0876","2723"
"MMRF_2788","13.2477","2788"
"MMRF_1824","11.0354","1824"
"MMRF_1856","16.4961","1856"
"MMRF_1963","12.463","1963"
"MMRF_1935","30.888","1935"
"MMRF_2102","14.6654","2102"
"MMRF_1388","5.787","1388"
"MMRF_2150","14.201","2150"
"MMRF_1089","15.0154","1089"
"MMRF_2740","21.6315","2740"
"MMRF_1965","12.9211","1965"
"MMRF_1965","11.1772","1965"
"MMRF_1835","17.7972","1835"
"MMRF_1344","11.1698","1344"
"MMRF_1857","15.1906","1857"
"MMRF_2076","11.7925","2076"
"MMRF_1871","16.2607","1871"
"MMRF_1453","11.6936","1453"
"MMRF_1354","10.6725","1354"
"MMRF_2709","20.7288","2709"
"MMRF_2290","21.0476","2290"
"MMRF_2570","26.994","2570"
"MMRF_1644","13.7782","1644"
"MMRF_1847","15.5533","1847"
"MMRF_2690","21.5465","2690"
"MMRF_1447","13.1502","1447"
"MMRF_2314","18.1311","2314"
"MMRF_2816","13.3027","2816"
"MMRF_2041","13.6429","2041"
"MMRF_2643","9.7814","2643"
"MMRF_2691","14.6442","2691"
"MMRF_2682","17.5363","2682"
"MMRF_2641","6.5771","2641"
"MMRF_2378","15.1273","2378"
"MMRF_2341","15.2873","2341"
"MMRF_2465","23.1275","2465"
"MMRF_1921","19.2328","1921"
"MMRF_1577","16.4949","1577"
"MMRF_1882","18.2288","1882"
"MMRF_2761","10.7481","2761"
"MMRF_1371","11.1529","1371"
"MMRF_2518","16.6753","2518"
"MMRF_1309","11.5122","1309"
"MMRF_1309","8.9837","1309"
"MMRF_1546","18.7397","1546"
"MMRF_2225","20.5485","2225"
"MMRF_1542","20.1851","1542"
"MMRF_2271","15.7929","2271"
"MMRF_1630","8.1228","1630"
"MMRF_1365","8.3633","1365"
"MMRF_1842","11.9789","1842"
"MMRF_2293","15.0454","2293"
"MMRF_1328","19.823","1328"
"MMRF_2362","11.3278","2362"
"MMRF_2043","21.3416","2043"
"MMRF_1320","15.6956","1320"
"MMRF_2743","10.542","2743"
"MMRF_2497","15.7073","2497"
"MMRF_2646","7.4122","2646"
"MMRF_1584","10.8644","1584"
"MMRF_1817","9.3745","1817"
"MMRF_1496","16.6047","1496"
"MMRF_1496","16.0651","1496"
"MMRF_1496","17.2494","1496"
"MMRF_1496","10.6037","1496"
"MMRF_2074","16.021","2074"
"MMRF_2794","15.7598","2794"
"MMRF_1148","11.6872","1148"
"MMRF_1531","12.4388","1531"
"MMRF_1323","15.6736","1323"
"MMRF_1223","15.8305","1223"
"MMRF_1281","14.4775","1281"
"MMRF_1802","8.8729","1802"
"MMRF_2401","16.906","2401"
"MMRF_2401","19.2563","2401"
"MMRF_1425","14.7905","1425"
"MMRF_2170","11.3558","2170"
"MMRF_1360","20.6501","1360"
"MMRF_2622","14.2823","2622"
"MMRF_2652","6.5182","2652"
"MMRF_1625","7.3664","1625"
"MMRF_1672","24.0963","1672"
"MMRF_1512","13.5358","1512"
"MMRF_1413","17.2036","1413"
"MMRF_2310","21.1953","2310"
"MMRF_1474","12.2755","1474"
"MMRF_1021","22.4922","1021"
"MMRF_2098","18.2459","2098"
"MMRF_1286","10.966","1286"
"MMRF_2468","7.0144","2468"
"MMRF_1049","15.9409","1049"
"MMRF_1049","13.9469","1049"
"MMRF_1232","19.3688","1232"
"MMRF_2302","21.3344","2302"
"MMRF_2604","14.3816","2604"
"MMRF_1184","15.875","1184"
"MMRF_2195","14.9726","2195"
"MMRF_2524","13.9309","2524"
"MMRF_2379","11.0669","2379"
"MMRF_2054","11.4882","2054"
"MMRF_1736","10.6743","1736"
"MMRF_1850","21.2861","1850"
"MMRF_1570","12.3079","1570"
"MMRF_1324","21.3393","1324"
"MMRF_1424","14.4358","1424"
"MMRF_1201","11.516","1201"
"MMRF_1201","10.8287","1201"
"MMRF_2093","13.9911","2093"
"MMRF_1927","10.0338","1927"
"MMRF_1927","7.2149","1927"
"MMRF_2635","8.7744","2635"
"MMRF_2228","18.4397","2228"
"MMRF_1897","16.0163","1897"
"MMRF_1897","16.1536","1897"
"MMRF_2676","7.618","2676"
"MMRF_2789","14.9178","2789"
"MMRF_2363","15.9153","2363"
"MMRF_1318","10.7319","1318"
"MMRF_2642","14.8163","2642"
"MMRF_1556","11.7613","1556"
"MMRF_1346","12.8528","1346"
"MMRF_1461","16.0891","1461"
"MMRF_1819","12.6984","1819"
"MMRF_1777","13.7447","1777"
"MMRF_2697","12.1287","2697"
"MMRF_1895","11.5496","1895"
"MMRF_2329","13.0382","2329"
"MMRF_2187","15.2565","2187"
"MMRF_2187","17.5192","2187"
"MMRF_2727","29.0455","2727"
"MMRF_2325","17.1307","2325"
"MMRF_1888","9.9087","1888"
"MMRF_1451","35.47","1451"
"MMRF_1780","18.1034","1780"
"MMRF_1475","11.2105","1475"
"MMRF_1277","14.6575","1277"
"MMRF_2230","11.8248","2230"
"MMRF_2531","12.3951","2531"
"MMRF_2531","12.385","2531"
"MMRF_2531","13.6614","2531"
"MMRF_1659","15.4134","1659"
"MMRF_1659","14.6144","1659"
"MMRF_2119","11.6118","2119"
"MMRF_1501","16.6402","1501"
"MMRF_1988","13.9022","1988"
"MMRF_2742","19.3705","2742"
"MMRF_2039","14.34","2039"
"MMRF_2039","11.1134","2039"
"MMRF_2749","14.7685","2749"
"MMRF_1617","13.68","1617"
"MMRF_1951","10.2248","1951"
"MMRF_1881","15.0415","1881"
"MMRF_1462","27.7963","1462"
"MMRF_1462","23.2055","1462"
"MMRF_1462","27.462","1462"
"MMRF_1654","13.6834","1654"
"MMRF_1511","11.7398","1511"
"MMRF_1912","19.5739","1912"
"MMRF_2199","12.6244","2199"
"MMRF_2573","18.5538","2573"
"MMRF_1801","9.5105","1801"
"MMRF_1618","12.1829","1618"
"MMRF_2532","15.2465","2532"
"MMRF_2608","14.0155","2608"
"MMRF_1613","11.3504","1613"
"MMRF_1845","12.0351","1845"
"MMRF_1726","12.919","1726"
"MMRF_1112","13.4796","1112"
"MMRF_2013","14.5435","2013"
"MMRF_2203","27.1885","2203"
"MMRF_1714","14.9187","1714"
"MMRF_1550","24.1188","1550"
"MMRF_2380","15.4432","2380"
"MMRF_1290","12.1868","1290"
"MMRF_1876","19.515","1876"
"MMRF_1128","11.726","1128"
"MMRF_1683","10.9365","1683"
"MMRF_2224","22.0635","2224"
"MMRF_2722","15.5848","2722"
"MMRF_1478","13.2204","1478"
"MMRF_1700","22.0281","1700"
"MMRF_1700","16.9722","1700"
"MMRF_1543","17.9332","1543"
"MMRF_2767","12.604","2767"
"MMRF_2760","26.1016","2760"
"MMRF_2011","14.2994","2011"
"MMRF_2404","21.4542","2404"
"MMRF_1497","10.3648","1497"
"MMRF_1540","12.4331","1540"
"MMRF_1595","15.0776","1595"
"MMRF_2731","15.7792","2731"
"MMRF_1296","15.8556","1296"
"MMRF_1589","13.1777","1589"
"MMRF_2567","10.1341","2567"
"MMRF_1538","11.784","1538"
"MMRF_2830","9.6498","2830"
"MMRF_1188","7.5253","1188"
"MMRF_1931","6.7837","1931"
"MMRF_1931","11.5118","1931"
"MMRF_2782","18.803","2782"
"MMRF_2436","19.7321","2436"
"MMRF_2368","9.9635","2368"
"MMRF_1202","14.7647","1202"
"MMRF_1916","11.3846","1916"
"MMRF_2834","21.4841","2834"
"MMRF_2200","14.8772","2200"
"MMRF_1705","11.6284","1705"
"MMRF_1797","17.1755","1797"
"MMRF_1130","10.5473","1130"
"MMRF_2143","12.1963","2143"
"MMRF_2422","13.7666","2422"
"MMRF_1423","12.5748","1423"
"MMRF_2002","11.8592","2002"
"MMRF_1879","11.5638","1879"
"MMRF_2172","20.3165","2172"
"MMRF_2763","15.0102","2763"
"MMRF_2554","12.8413","2554"
"MMRF_1450","10.3849","1450"
"MMRF_2366","10.5027","2366"
"MMRF_2019","22.2451","2019"
"MMRF_1079","14.3384","1079"
"MMRF_1079","14.1189","1079"
"MMRF_1998","19.1739","1998"
"MMRF_1454","9.9954","1454"
"MMRF_1572","17.2495","1572"
"MMRF_2153","9.7901","2153"
"MMRF_1867","9.1125","1867"
"MMRF_1722","13.4367","1722"
"MMRF_2626","13.2957","2626"
"MMRF_1499","10.4071","1499"
"MMRF_1380","13.5547","1380"
"MMRF_1380","16.5924","1380"
"MMRF_2419","13.4351","2419"
"MMRF_2419","12.5472","2419"
"MMRF_1455","17.8202","1455"
"MMRF_1033","9.6039","1033"
"MMRF_1458","13.7091","1458"
"MMRF_1377","11.9371","1377"
"MMRF_2384","15.416","2384"
"MMRF_2407","18.8309","2407"
"MMRF_1808","15.6682","1808"
"MMRF_2670","18.866","2670"
"MMRF_1668","13.1132","1668"
"MMRF_2344","13.3608","2344"
"MMRF_1485","11.9941","1485"
"MMRF_2458","13.453","2458"
"MMRF_1922","12.8426","1922"
"MMRF_2598","13.4122","2598"
"MMRF_2253","18.8742","2253"
"MMRF_2515","6.5988","2515"
"MMRF_1153","11.8418","1153"
"MMRF_2328","13.7105","2328"
"MMRF_1373","14.1627","1373"
"MMRF_1408","14.4879","1408"
"MMRF_1785","10.8666","1785"
"MMRF_1484","14.943","1484"
"MMRF_1289","12.6971","1289"
"MMRF_2675","17.2595","2675"
"MMRF_1490","17.527","1490"
"MMRF_2808","16.2562","2808"
"MMRF_1665","20.5709","1665"
"MMRF_1466","15.5481","1466"
"MMRF_2721","20.0702","2721"
"MMRF_2449","18.2695","2449"
"MMRF_1539","10.1127","1539"
"MMRF_1092","15.1792","1092"
"MMRF_1846","16.0844","1846"
"MMRF_2183","18.6275","2183"
"MMRF_1359","18.2745","1359"
"MMRF_1502","12.1977","1502"
"MMRF_1579","12.9029","1579"
"MMRF_1500","12.7633","1500"
"MMRF_1534","13.7479","1534"
"MMRF_2490","21.6386","2490"
"MMRF_2490","27.2254","2490"
"MMRF_2173","14.2068","2173"
"MMRF_1261","15.2579","1261"
"MMRF_1698","17.5162","1698"
"MMRF_1733","16.7525","1733"
"MMRF_1327","9.4467","1327"
"MMRF_2367","13.366","2367"
"MMRF_1814","17.5431","1814"
"MMRF_2213","12.012","2213"
"MMRF_2613","12.6252","2613"
"MMRF_2613","14.8263","2613"
"MMRF_2737","16.6889","2737"
"MMRF_1932","14.3295","1932"
"MMRF_2654","16.5093","2654"
"MMRF_2062","19.6633","2062"
"MMRF_1580","23.3195","1580"
"MMRF_1739","18.0892","1739"
"MMRF_2535","11.0265","2535"
"MMRF_1504","13.5834","1504"
"MMRF_1637","7.9467","1637"
"MMRF_1974","14.0007","1974"
"MMRF_1730","22.1824","1730"
"MMRF_1078","10.9671","1078"
"MMRF_2814","11.2837","2814"
"MMRF_1997","9.1093","1997"
"MMRF_1030","15.3489","1030"
"MMRF_2644","26.0074","2644"
"MMRF_2815","30.171","2815"
"MMRF_2770","13.4692","2770"
"MMRF_2522","8.7236","2522"
"MMRF_1314","18.0817","1314"
"MMRF_1773","18.719","1773"
"MMRF_2087","9.0163","2087"
"MMRF_2087","10.5411","2087"
"MMRF_1355","20.4955","1355"
"MMRF_1185","9.434","1185"
"MMRF_2580","8.1961","2580"
"MMRF_1715","13.1277","1715"
"MMRF_1656","15.3701","1656"
"MMRF_1656","19.8543","1656"
"MMRF_2793","7.8958","2793"
"MMRF_1825","25.0907","1825"
"MMRF_2082","15.1828","2082"
"MMRF_2746","10.5005","2746"
"MMRF_2799","22.3721","2799"
"MMRF_1913","15.6127","1913"
"MMRF_2429","11.0792","2429"
"MMRF_2273","11.3396","2273"
"MMRF_1832","7.2503","1832"
"MMRF_1038","8.9226","1038"
"MMRF_1086","14.3258","1086"
"MMRF_2026","18.6469","2026"
"MMRF_1978","19.9433","1978"
"MMRF_1978","14.0592","1978"
"MMRF_2587","11.4901","2587"
"MMRF_1516","11.9427","1516"
"MMRF_1098","17.5011","1098"
"MMRF_2829","4.4215","2829"
"MMRF_2476","12.0278","2476"
"MMRF_1893","9.6377","1893"
"MMRF_2091","12.9197","2091"
"MMRF_1792","18.4382","1792"
"MMRF_1839","11.9561","1839"
"MMRF_1331","15.9523","1331"
"MMRF_1242","12.7609","1242"
"MMRF_1242","17.9599","1242"
"MMRF_2605","10.5557","2605"
"MMRF_1624","17.8421","1624"
"MMRF_2457","17.5942","2457"
"MMRF_1031","5.7575","1031"
"MMRF_2549","10.646","2549"
"MMRF_1851","10.9476","1851"
"MMRF_1851","12.8669","1851"
"MMRF_2116","10.6308","2116"
"MMRF_2266","15.2529","2266"
"MMRF_2630","10.3524","2630"
"MMRF_1782","15.1076","1782"
"MMRF_1759","15.9253","1759"
"MMRF_1364","12.2794","1364"
"MMRF_1648","18.8287","1648"
"MMRF_2081","9.4037","2081"
"MMRF_2831","27.7779","2831"
"MMRF_2807","10.4305","2807"
"MMRF_2453","15.4836","2453"
"MMRF_1311","18.8162","1311"
"MMRF_2579","10.1373","2579"
"MMRF_1720","12.6778","1720"
"MMRF_1655","12.8569","1655"
"MMRF_2251","15.6678","2251"
"MMRF_1335","9.9646","1335"
"MMRF_2097","18.3415","2097"
"MMRF_1721","13.119","1721"
"MMRF_1244","21.5313","1244"
"MMRF_2433","12.588","2433"
"MMRF_2111","11.1156","2111"
"MMRF_1627","15.2263","1627"
"MMRF_1627","12.6005","1627"
"MMRF_1266","21.7187","1266"
"MMRF_2456","7.5621","2456"
"MMRF_2089","15.5866","2089"
"MMRF_2089","15.0828","2089"
"MMRF_2089","13.8543","2089"
"MMRF_1325","8.1805","1325"
"MMRF_1510","13.6902","1510"
"MMRF_1830","10.9206","1830"
"MMRF_1831","15.5438","1831"
"MMRF_1981","13.7506","1981"
"MMRF_1574","17.658","1574"
"MMRF_2718","16.0307","2718"
"MMRF_2485","12.0663","2485"
"MMRF_2005","11.489","2005"
"MMRF_2499","12.6582","2499"
"MMRF_1037","10.6092","1037"
"MMRF_2326","16.7018","2326"
"MMRF_1949","16.2859","1949"
"MMRF_1865","8.4886","1865"
"MMRF_2365","11.9689","2365"
"MMRF_1633","19.9649","1633"
"MMRF_1972","12.992","1972"
"MMRF_1718","18.1206","1718"
"MMRF_1639","7.8722","1639"
"MMRF_1639","9.5584","1639"
"MMRF_2068","7.8209","2068"
"MMRF_2801","18.2825","2801"
"MMRF_1855","7.8539","1855"
"MMRF_2813","11.561","2813"
"MMRF_2444","9.4497","2444"
"MMRF_2706","12.1116","2706"
"MMRF_1392","21.7623","1392"
"MMRF_2836","15.7533","2836"
"MMRF_1713","15.1708","1713"
"MMRF_1307","15.6484","1307"
"MMRF_2720","15.8665","2720"
"MMRF_1338","16.2245","1338"
"MMRF_1614","13.5786","1614"
"MMRF_1491","10.8285","1491"
"MMRF_1356","13.7304","1356"
"MMRF_1810","9.1385","1810"
"MMRF_1348","10.8346","1348"
"MMRF_2480","9.5228","2480"
"MMRF_2061","15.7464","2061"
"MMRF_1822","11.4485","1822"
"MMRF_1129","10.5891","1129"
"MMRF_1880","13.6095","1880"
"MMRF_1024","10.2407","1024"
"MMRF_1024","9.5128","1024"
"MMRF_1024","9.7524","1024"
"MMRF_2487","12.8079","2487"
"MMRF_1833","12.5521","1833"
"MMRF_1796","19.5844","1796"
"MMRF_2215","14.1442","2215"
"MMRF_2257","17.2435","2257"
"MMRF_2059","18.7386","2059"
"MMRF_1270","14.8306","1270"
"MMRF_1285","9.4359","1285"
"MMRF_1285","10.277","1285"
"MMRF_1374","8.7174","1374"
"MMRF_2843","12.0257","2843"
"MMRF_1537","13.2973","1537"
"MMRF_1650","18.9049","1650"
"MMRF_1216","12.6985","1216"
"MMRF_1908","11.018","1908"
"MMRF_2229","17.5549","2229"
"MMRF_2016","18.7883","2016"
"MMRF_1911","16.7226","1911"
"MMRF_1783","14.3797","1783"
"MMRF_1783","13.8319","1783"
"MMRF_1068","14.6594","1068"
"MMRF_1596","15.1349","1596"
"MMRF_2489","16.0389","2489"
"MMRF_1587","21.0358","1587"
"MMRF_1587","39.9106","1587"
"MMRF_2197","24.3939","2197"
"MMRF_1719","29.6472","1719"
"MMRF_1048","17.9877","1048"
"MMRF_2699","19.2864","2699"
"MMRF_1918","11.7289","1918"
"MMRF_1157","9.511","1157"
"MMRF_1157","11.7771","1157"
"MMRF_1157","8.5324","1157"
"MMRF_1157","8.8527","1157"
"MMRF_2250","17.0164","2250"
"MMRF_1778","11.9327","1778"
"MMRF_1778","5.5321","1778"
"MMRF_1716","14.421","1716"
"MMRF_1434","13.9786","1434"
"MMRF_1518","22.5471","1518"
"MMRF_1518","28.8485","1518"
"MMRF_2711","15.894","2711"
"MMRF_2353","15.1774","2353"
"MMRF_2832","13.7477","2832"
"MMRF_2118","17.9825","2118"
"MMRF_1250","13.5427","1250"
"MMRF_2373","18.4118","2373"
"MMRF_2373","18.5237","2373"
"MMRF_2352","18.4597","2352"
"MMRF_2459","10.8495","2459"
"MMRF_1308","14.4658","1308"
"MMRF_1900","14.2741","1900"
"MMRF_2214","18.8698","2214"
"MMRF_2072","15.0793","2072"
"MMRF_1775","14.4171","1775"
"MMRF_1131","11.7678","1131"
"MMRF_2232","12.6912","2232"
"MMRF_1224","10.2238","1224"
"MMRF_1977","11.9961","1977"
"MMRF_1269","16.6999","1269"
"MMRF_2638","15.0637","2638"
"MMRF_2469","16.6218","2469"
"MMRF_2728","10.9523","2728"
"MMRF_1967","22.7093","1967"
"MMRF_1436","11.7724","1436"
"MMRF_2125","18.1326","2125"
"MMRF_2514","13.5726","2514"
"MMRF_2316","14.8022","2316"
"MMRF_1159","6.9315","1159"
"MMRF_2634","18.5607","2634"
"MMRF_2180","23.5207","2180"
"MMRF_1210","19.2172","1210"
"MMRF_2614","15.7018","2614"
"MMRF_2240","15.5287","2240"
"MMRF_2017","9.3006","2017"
"MMRF_2017","10.3265","2017"
"MMRF_2168","13.8345","2168"
"MMRF_1838","17.1022","1838"
"MMRF_1513","12.1792","1513"
"MMRF_2267","15.7795","2267"
"MMRF_1494","10.0711","1494"
"MMRF_1950","21.927","1950"
"MMRF_1395","8.6456","1395"
"MMRF_1952","14.9537","1952"
"MMRF_2700","14.3318","2700"
"MMRF_2568","33.7994","2568"
"MMRF_1923","10.2558","1923"
"MMRF_1971","11.5939","1971"
"MMRF_2056","17.4118","2056"
"MMRF_2006","11.2513","2006"
"MMRF_2272","14.0171","2272"
"MMRF_2149","27.37","2149"
"MMRF_1837","16.9521","1837"
"MMRF_1541","17.9711","1541"
"MMRF_2847","8.4151","2847"
"MMRF_1682","10.1654","1682"
"MMRF_1312","14.2686","1312"
"MMRF_2461","10.8332","2461"
"MMRF_1506","8.912","1506"
"MMRF_2501","13.3037","2501"
"MMRF_1426","11.8731","1426"
"MMRF_2377","11.8261","2377"
"MMRF_2012","10.9112","2012"
"MMRF_2778","17.2589","2778"
"MMRF_1195","14.6121","1195"
"MMRF_2055","9.1544","2055"
"MMRF_1061","16.2958","1061"
"MMRF_1274","19.3767","1274"
"MMRF_2695","12.2849","2695"
"MMRF_2817","12.3975","2817"
"MMRF_2757","9.3823","2757"
"MMRF_1452","10.9919","1452"
"MMRF_1295","14.1444","1295"
"MMRF_1694","14.7104","1694"
"MMRF_1694","12.9811","1694"
"MMRF_1605","16.2828","1605"
"MMRF_1787","13.0824","1787"
"MMRF_1533","13.4086","1533"
"MMRF_1750","13.2769","1750"
"MMRF_2313","12.4557","2313"
"MMRF_2394","21.6556","2394"
"MMRF_2201","13.9312","2201"
"MMRF_1310","13.3757","1310"
"MMRF_1178","11.573","1178"
"MMRF_2692","16.1044","2692"
"MMRF_2412","12.8269","2412"
"MMRF_2631","14.3988","2631"
"MMRF_2848","5.1316","2848"
"MMRF_2297","14.1471","2297"
"MMRF_2516","12.1677","2516"
"MMRF_1110","21.4108","1110"
"MMRF_1944","23.5906","1944"
"MMRF_2498","14.7127","2498"
"MMRF_1598","13.9038","1598"
"MMRF_2734","18.579","2734"
"MMRF_2729","15.1086","2729"
"MMRF_1522","18.2031","1522"
"MMRF_2651","11.302","2651"
"MMRF_2779","12.0085","2779"
"MMRF_2107","15.6533","2107"
"MMRF_2364","15.4498","2364"
"MMRF_1169","8.1566","1169"
"MMRF_2269","19.216","2269"
"MMRF_2781","11.2174","2781"
"MMRF_2330","14.6078","2330"
"MMRF_1300","11.8","1300"
"MMRF_2550","16.421","2550"
"MMRF_2628","5.5898","2628"
"MMRF_2126","12.2143","2126"
"MMRF_2126","15.8926","2126"
"MMRF_2541","15.8875","2541"
"MMRF_2543","28.3471","2543"
"MMRF_2506","14.7295","2506"
"MMRF_2751","25.0691","2751"
"MMRF_1293","17.748","1293"
"MMRF_1293","16.1747","1293"
"MMRF_1686","10.6664","1686"
"MMRF_1686","13.7413","1686"
"MMRF_2539","6.8908","2539"
"MMRF_1107","9.7258","1107"
"MMRF_2113","11.017","2113"
"MMRF_2698","14.5164","2698"
"MMRF_2526","10.9471","2526"
"MMRF_1891","11.9532","1891"
"MMRF_2268","15.5111","2268"
"MMRF_1032","21.428","1032"
"MMRF_1985","25.8814","1985"
"MMRF_1489","21.6803","1489"
"MMRF_2581","12.6839","2581"
"MMRF_1519","15.5143","1519"
"MMRF_1167","13.2294","1167"
"MMRF_1229","8.6108","1229"
"MMRF_1229","10.4871","1229"
"MMRF_1229","11.2477","1229"
"MMRF_1744","11.5248","1744"
"MMRF_1152","11.6636","1152"
"MMRF_2279","13.6178","2279"
"MMRF_1910","18.2932","1910"
"MMRF_1352","15.0429","1352"
"MMRF_1603","14.7948","1603"
"MMRF_2667","14.892","2667"
"MMRF_2696","17.6657","2696"
"MMRF_2705","15.595","2705"
"MMRF_2140","15.0671","2140"
"MMRF_2681","13.3255","2681"
"MMRF_2216","13.807","2216"
"MMRF_2475","12.2606","2475"
"MMRF_2774","25.435","2774"
"MMRF_2035","15.167","2035"
"MMRF_1100","14.3912","1100"
"MMRF_1805","13.1573","1805"
"MMRF_1583","13.8135","1583"
"MMRF_1251","17.383","1251"
"MMRF_1941","6.4519","1941"
"MMRF_2564","12.7669","2564"
"MMRF_1727","10.1719","1727"
"MMRF_2599","14.2388","2599"
"MMRF_2339","11.3064","2339"
"MMRF_2636","12.4751","2636"
"MMRF_1386","12.6598","1386"
"MMRF_1854","11.2188","1854"
"MMRF_2851","10.1087","2851"
"MMRF_2331","16.631","2331"
"MMRF_1523","9.794","1523"
"MMRF_2399","10.0409","2399"
"MMRF_2317","19.775","2317"
"MMRF_2572","13.7337","2572"
"MMRF_2300","14.923","2300"
"MMRF_2754","15.4575","2754"
"MMRF_1077","15.8095","1077"
"MMRF_1815","17.7705","1815"
"MMRF_2750","15.6252","2750"
"MMRF_2478","12.9483","2478"
"MMRF_2538","14.0818","2538"
"MMRF_2716","11.7547","2716"
"MMRF_1565","18.0497","1565"
"MMRF_1193","5.6517","1193"
"MMRF_1193","13.5345","1193"
"MMRF_2080","15.2807","2080"
"MMRF_1164","10.4398","1164"
"MMRF_2305","13.5134","2305"
"MMRF_1445","21.0256","1445"
"MMRF_1890","15.5554","1890"
"MMRF_2745","19.4999","2745"
"MMRF_2677","28.2393","2677"
"MMRF_1349","17.8017","1349"
"MMRF_1179","13.2092","1179"
"MMRF_1179","15.624","1179"
"MMRF_1678","20.2011","1678"
"MMRF_2523","11.4157","2523"
"MMRF_2664","20.1151","2664"
"MMRF_2151","19.3364","2151"
"MMRF_2826","9.9236","2826"
"MMRF_2828","20.3033","2828"
"MMRF_2689","14.2773","2689"
"MMRF_2818","17.3855","2818"
"MMRF_2122","11.0034","2122"
"MMRF_2122","9.9784","2122"
"MMRF_2680","21.9895","2680"
"MMRF_1917","7.1116","1917"
"MMRF_1383","17.2702","1383"
"MMRF_2732","9.6783","2732"
"MMRF_1597","13.5478","1597"
"MMRF_1080","15.6824","1080"
"MMRF_1189","14.3404","1189"
"MMRF_2291","15.4726","2291"
"MMRF_2769","14.0371","2769"
"MMRF_2678","16.3565","2678"
"MMRF_1755","18.047","1755"
"MMRF_1793","14.3906","1793"
"MMRF_2176","17.0873","2176"
"MMRF_1560","10.915","1560"
"MMRF_2115","21.9713","2115"
"MMRF_2079","15.4002","2079"
"MMRF_2606","14.2602","2606"
"MMRF_2507","5.8337","2507"
"MMRF_1284","11.5236","1284"
"MMRF_1284","12.2994","1284"
"MMRF_2258","10.28","2258"
"MMRF_1886","25.7453","1886"
"MMRF_2464","20.3596","2464"
"MMRF_2238","20.276","2238"
"MMRF_2286","14.5299","2286"
"MMRF_1151","12.9543","1151"
"MMRF_2438","10.9685","2438"
"MMRF_1768","8.2976","1768"
"MMRF_2085","15.2451","2085"
"MMRF_2820","20.5037","2820"
"MMRF_2301","15.3014","2301"
"MMRF_2795","22.7514","2795"
"MMRF_1082","12.3562","1082"
"MMRF_1860","10.0753","1860"
"MMRF_2445","20.0252","2445"
"MMRF_2519","28.094","2519"
"MMRF_1267","14.5977","1267"
"MMRF_1361","18.326","1361"
"MMRF_2597","13.1195","2597"
"MMRF_1407","9.7558","1407"
"MMRF_2822","13.5346","2822"
"MMRF_1212","21.5228","1212"
"MMRF_2574","16.342","2574"
"MMRF_2505","17.8906","2505"
"MMRF_2776","16.3519","2776"
"MMRF_2141","18.7913","2141"
"MMRF_1432","13.2747","1432"
"MMRF_2001","10.6515","2001"
"MMRF_2211","16.9644","2211"
"MMRF_1099","21.9265","1099"
"MMRF_2050","20.6456","2050"
"MMRF_2827","24.8981","2827"
"MMRF_1862","11.29","1862"
"MMRF_2702","17.782","2702"
"MMRF_1735","20.5228","1735"
"MMRF_2245","16.8349","2245"
"MMRF_1861","14.6325","1861"
"MMRF_2437","13.5133","2437"
"MMRF_1588","16.2615","1588"
"MMRF_2455","20.446","2455"
"MMRF_1256","20.5621","1256"
"MMRF_1211","10.4393","1211"
"MMRF_2557","11.7312","2557"
"MMRF_2409","14.5324","2409"
"MMRF_2471","8.1005","2471"
"MMRF_2204","17.6886","2204"
"MMRF_2694","18.9778","2694"
"MMRF_1403","9.3961","1403"
"MMRF_2047","10.6631","2047"
"MMRF_1671","12.9642","1671"
"MMRF_1671","15.7447","1671"
"MMRF_2719","17.4391","2719"
"MMRF_1393","18.919","1393"
"MMRF_1906","15.0198","1906"
"MMRF_1205","11.8985","1205"
"MMRF_2220","15.0498","2220"
"MMRF_1982","11.7184","1982"
"MMRF_1766","10.053","1766"
"MMRF_1738","7.6435","1738"
"MMRF_1645","12.5026","1645"
"MMRF_1470","11.5494","1470"
"MMRF_1180","5.6797","1180"
"MMRF_1928","17.7518","1928"
"MMRF_1415","16.3464","1415"
"MMRF_2413","9.0366","2413"
"MMRF_2562","8.5386","2562"
"MMRF_2083","8.921","2083"
"MMRF_2083","12.6824","2083"
"MMRF_1823","31.7239","1823"
"MMRF_1991","11.6852","1991"
"MMRF_2525","11.2795","2525"
"MMRF_2336","20.4956","2336"
"MMRF_1389","11.5115","1389"
"MMRF_1342","17.1166","1342"
"MMRF_1108","17.4849","1108"
"MMRF_2335","14.3015","2335"
"MMRF_1460","21.216","1460"
"MMRF_2174","13.107","2174"
"MMRF_1677","11.6198","1677"
"MMRF_1391","16.5053","1391"
"MMRF_2853","6.7466","2853"
"MMRF_2015","15.4341","2015"
"MMRF_2015","36.2467","2015"
"MMRF_1045","17.4827","1045"
"MMRF_2595","11.1104","2595"
"MMRF_1690","22.7498","1690"
"MMRF_1859","9.7089","1859"
"MMRF_1433","11.4713","1433"
"MMRF_1433","10.4096","1433"
"MMRF_1889","20.2922","1889"
"MMRF_1889","21.0625","1889"
"MMRF_1786","24.1194","1786"
"MMRF_2739","24.0028","2739"
"MMRF_2762","10.3976","2762"
"MMRF_1573","22.0564","1573"
"MMRF_2265","12.3793","2265"
"MMRF_2236","17.8287","2236"
"MMRF_2038","6.3","2038"
"MMRF_2000","19.9323","2000"
"MMRF_2427","28.0239","2427"
"MMRF_2307","11.5443","2307"
"MMRF_2018","10.706","2018"
"MMRF_1758","15.9152","1758"
"MMRF_2559","13.0647","2559"
"MMRF_1992","11.9774","1992"
"MMRF_1992","10.1923","1992"
"MMRF_1992","8.8456","1992"
"MMRF_1936","18.3832","1936"
"MMRF_2637","10.5534","2637"
"MMRF_2787","12.3766","2787"
"MMRF_1593","14.0526","1593"
"MMRF_1439","13.3324","1439"
"MMRF_2217","23.1108","2217"
"MMRF_2601","11.3102","2601"
"MMRF_1304","13.4042","1304"
"MMRF_1795","12.4347","1795"
"MMRF_1219","21.4755","1219"
"MMRF_1029","11.25","1029"
"MMRF_1073","18.5632","1073"
"MMRF_2440","15.418","2440"
"MMRF_1651","20.0177","1651"
"MMRF_2488","15.0302","2488"
"MMRF_1640","18.8725","1640"
"MMRF_2611","16.8805","2611"
"MMRF_2639","15.298","2639"
"MMRF_1641","14.073","1641"
"MMRF_1252","17.9259","1252"
"MMRF_2621","20.2481","2621"
"MMRF_2621","18.3259","2621"
"MMRF_1401","18.3274","1401"
"MMRF_1401","15.3545","1401"
"MMRF_1231","13.5316","1231"
"MMRF_1947","17.7721","1947"
"MMRF_1358","22.3255","1358"
"MMRF_1643","12.9588","1643"
"MMRF_1634","19.0586","1634"
"MMRF_1257","12.5606","1257"
"MMRF_1171","13.105","1171"
"MMRF_2560","17.7589","2560"
"MMRF_2596","12.6648","2596"
"MMRF_1731","15.0477","1731"
"MMRF_1771","11.6947","1771"
"MMRF_1664","14.0942","1664"
"MMRF_2306","8.7465","2306"
"MMRF_1915","20.5954","1915"
"MMRF_1652","16.4897","1652"
"MMRF_2717","17.6636","2717"
"MMRF_2231","11.1389","2231"
"MMRF_2106","9.3899","2106"
"MMRF_1446","10.4886","1446"
"MMRF_2548","4.3688","2548"
"MMRF_1520","18.5196","1520"
"MMRF_2473","11.4249","2473"
"MMRF_1807","14.3869","1807"
"MMRF_2733","18.6329","2733"
"MMRF_2583","16.6326","2583"
"MMRF_1790","31.105","1790"
"MMRF_1790","15.7254","1790"
"MMRF_1790","18.266","1790"
"MMRF_1790","23.9441","1790"
"MMRF_1790","13.6719","1790"
"MMRF_2590","14.6074","2590"
"MMRF_2764","16.9652","2764"
"MMRF_1260","9.4021","1260"
"MMRF_2772","15.888","2772"
"MMRF_2400","15.9072","2400"
"MMRF_1710","15.7806","1710"
"MMRF_1235","14.6092","1235"
"MMRF_1235","10.1875","1235"
"MMRF_1695","16.5497","1695"
"MMRF_2194","19.9477","2194"
"MMRF_2194","16.7931","2194"
"MMRF_2452","14.7961","2452"
"MMRF_1085","21.7096","1085"
"MMRF_1621","20.6257","1621"
"MMRF_1137","9.2308","1137"
"MMRF_1137","14.6186","1137"
"MMRF_1137","11.4143","1137"
"MMRF_2602","20.7594","2602"
